domain,label
xawxizeiftw.sysu.edu.cn,0
gvegvjo.sysu.edu.cn,0
acgbcwvhqbhx.sysu.edu.cn,0
ibztsnu.sysu.edu.cn,0
zwdamil.sysu.edu.cn,0
wpdtxjagshylqba.sysu.edu.cn,0
chan.sysu.edu.cn,0
www-gtarsc-com.webvpn.sysu.edu.cn,0
bvklalo.sysu.edu.cn,0
ozsrwiruazmn.sysu.edu.cn,0
jabyifwhxyb.sysu.edu.cn,0
jbltluxbyhel.sysu.edu.cn,0
xzqiyewum.sysu.edu.cn,0
gsawwmuj.sysu.edu.cn,0
lcdknlxinfabjsz.sysu.edu.cn,0
lrdoxqxn.sysu.edu.cn,0
afwdtqo.sysu.edu.cn,0
klgbbmypsvwyzfz.sysu.edu.cn,0
xbrzyadxsoncxga.sysu.edu.cn,0
bhwckgztcljp.sysu.edu.cn,0
aqwvbgi.sysu.edu.cn,0
qfepccukz.sysu.edu.cn,0
ekvgjymt.sysu.edu.cn,0
jeampzj.sysu.edu.cn,0
lvdjpcpuxrtkj.sysu.edu.cn,0
neurocritic.sysu.edu.cn,0
opqicntvlaql.sysu.edu.cn,0
zxcpacd.sysu.edu.cn,0
flyingmonkey.us,1
ekrrlvoi.sysu.edu.cn,0
tqsvozgsdphnji.sysu.edu.cn,0
177.zssom.sysu.edu.cn,0
sn.chinapost.com.cn,0
ewqyetpaw.sysu.edu.cn,0
hkxlhriamsxi.sysu.edu.cn,0
sykoyavtikdpj.sysu.edu.cn,0
cw.gdufe.edu.cn,0
ln-post.shop,1
gdpmcephrne.sysu.edu.cn,0
osdrhifbx.sysu.edu.cn,0
jrlsresvpnpy.sysu.edu.cn,0
ckjmtubusinp.jnu.edu.cn,0
gfkgb.ah.gov.cn,0
ifrqgdzsjfq.sysu.edu.cn,0
